date,temperature_2m_mean,temperature_2m_max,temperature_2m_min,relative_humidity_2m_mean,precipitation_sum,rain_sum,snowfall_sum,precipitation_hours,cloud_cover_mean,sunshine_duration,daylight_duration,wind_speed_10m_mean,wind_gusts_10m_max,weather_code
2025-01-01,-5.4,-3.6,-9.2,84,4.0,0.0,2.8,18.0,99,0.0,6.099980555555556,3.77,12.1,73
2025-01-02,-10.1,-7.9,-11.4,83,0.0,0.0,0.0,0.0,33,5.148916666666667,6.133055555555556,0.76,4.3,3
2025-01-03,-8.7,-3.2,-12.6,73,0.2,0.0,0.14,2.0,64,4.025472222222223,6.168580555555556,2.19,15.8,71
2025-01-04,-14.0,-12.1,-17.0,90,0.0,0.0,0.0,0.0,52,5.132788888888889,6.206488888888889,0.35,2.8,3
2025-01-05,-15.2,-10.3,-18.0,85,0.8,0.0,0.56,7.0,81,0.5668388888888889,6.246716666666667,1.41,5.7,71
2025-01-06,-5.9,-1.6,-10.0,85,18.7,0.2,12.95,24.0,100,0.0,6.289188888888889,5.71,18.6,75
2025-01-07,0.5,1.8,-1.4,90,29.2,2.3,18.9,24.0,99,0.0,6.333905555555556,6.08,17.0,75
2025-01-08,-3.1,-1.2,-4.5,84,1.2,0.0,0.84,9.0,99,0.0,6.381338888888889,1.87,7.2,73
2025-01-09,-2.3,-1.2,-3.6,85,0.2,0.0,0.14,2.0,95,0.0,6.431475000000001,2.07,9.1,71
2025-01-10,-6.0,-2.4,-8.6,81,0.0,0.0,0.0,0.0,5,5.817627777777777,6.484152777777778,2.81,8.9,2
2025-01-11,-5.6,-2.5,-8.2,75,0.0,0.0,0.0,0.0,4,5.775855555555556,6.539230555555555,2.62,7.5,1
2025-01-12,-12.5,-8.9,-15.1,89,0.0,0.0,0.0,0.0,67,2.7405027777777775,6.596555555555555,0.65,2.9,3
2025-01-13,-4.2,3.1,-14.9,87,0.0,0.0,0.0,0.0,100,0.22900555555555555,6.655988888888889,3.19,13.5,3
2025-01-14,0.5,3.2,-1.7,93,0.0,0.0,0.0,0.0,78,0.6613,6.717383333333334,1.64,8.2,3
2025-01-15,-1.4,2.0,-5.6,92,0.3,0.3,0.0,3.0,90,0.0,6.780605555555556,1.06,4.6,51
2025-01-16,0.5,1.7,-0.9,96,0.0,0.0,0.0,0.0,87,4.312125,6.845519444444444,1.03,2.8,3
2025-01-17,2.0,3.6,-0.1,87,0.0,0.0,0.0,0.0,72,4.814505555555556,6.912,2.48,9.3,3
2025-01-18,-0.1,1.5,-2.8,93,0.0,0.0,0.0,0.0,92,4.584622222222222,6.979919444444445,0.84,3.7,3
2025-01-19,-0.0,1.4,-0.9,98,0.0,0.0,0.0,0.0,100,0.0,7.049152777777778,1.15,3.9,3
2025-01-20,-0.6,-0.2,-2.0,96,0.2,0.2,0.0,2.0,100,0.0,7.1195916666666665,1.85,4.5,51
2025-01-21,-2.1,-1.4,-3.1,94,1.5,0.1,0.98,10.0,100,0.0,7.191116666666667,1.73,6.3,73
2025-01-22,-5.5,-3.1,-6.7,95,0.1,0.0,0.07,1.0,96,4.325505555555555,7.263622222222223,0.95,3.9,71
2025-01-23,-3.3,0.1,-6.5,92,15.6,0.0,10.92,16.0,100,0.0,7.337002777777777,4.4,12.9,75
2025-01-24,-1.9,4.0,-7.9,91,11.8,6.0,4.06,14.0,70,1.0,7.411163888888889,3.29,17.8,75
2025-01-25,2.8,3.9,1.7,77,0.7,0.7,0.0,2.0,31,7.0,7.486002777777778,7.36,16.4,53
2025-01-26,0.3,2.7,-2.8,85,0.0,0.0,0.0,0.0,60,5.622211111111111,7.5614333333333335,3.49,13.3,3
2025-01-27,0.2,1.4,-0.5,95,5.2,0.0,3.64,6.0,100,0.0,7.637463888888888,3.39,9.6,75
2025-01-28,1.3,2.5,-0.2,96,7.6,6.4,0.84,14.0,100,0.0,7.714872222222223,1.42,5.4,73
2025-01-29,1.4,3.0,0.9,94,3.6,3.6,0.0,10.0,99,0.0,7.793727777777777,2.43,6.9,55
2025-01-30,-1.2,0.9,-5.1,97,0.0,0.0,0.0,0.0,88,2.4825416666666666,7.873894444444445,0.51,3.4,3
2025-01-31,-4.6,-1.7,-6.1,96,0.0,0.0,0.0,0.0,87,5.628155555555556,7.955247222222222,0.57,3.3,3
2025-02-01,-7.0,-3.9,-9.1,90,0.0,0.0,0.0,0.0,46,6.929466666666667,8.037663888888888,0.55,3.1,3
2025-02-02,-6.7,-4.2,-10.2,84,0.2,0.0,0.14,2.0,100,0.0,8.121030555555555,2.29,6.6,71
2025-02-03,-2.2,0.8,-4.9,93,2.7,0.2,1.75,11.0,100,0.0,8.205233333333334,1.25,6.8,73
2025-02-04,2.4,3.6,1.0,98,1.7,1.7,0.0,7.0,100,0.0,8.290166666666666,5.05,13.3,53
2025-02-05,2.9,5.7,-1.2,85,0.8,0.8,0.0,5.0,33,7.525377777777778,8.375725000000001,4.28,15.2,51
2025-02-06,-3.8,-1.4,-6.4,82,0.0,0.0,0.0,0.0,33,7.629047222222222,8.461813888888889,0.44,3.0,3
2025-02-07,-6.5,-3.0,-8.9,93,0.0,0.0,0.0,0.0,89,5.803622222222223,8.54833611111111,1.85,5.2,3
2025-02-08,-2.5,-0.6,-6.8,89,2.4,0.3,1.47,13.0,88,0.25195277777777775,8.635202777777778,2.95,8.4,73
2025-02-09,-7.3,-3.8,-10.2,90,0.0,0.0,0.0,0.0,43,8.160041666666666,8.722327777777778,1.37,4.0,3
2025-02-10,-7.8,-1.4,-11.3,79,0.0,0.0,0.0,0.0,1,8.565536111111111,8.809625,1.79,4.9,1
2025-02-11,-6.8,-1.5,-10.0,80,0.0,0.0,0.0,0.0,0,8.654547222222222,8.897013888888889,2.01,5.0,0
2025-02-12,-9.3,-5.9,-13.1,81,0.0,0.0,0.0,0.0,36,7.5445,8.984422222222221,1.79,5.2,3
2025-02-13,-3.1,-0.3,-8.7,81,0.0,0.0,0.0,0.0,66,4.298669444444444,9.071769444444444,2.88,9.2,3
2025-02-14,-9.3,-4.8,-12.4,88,0.0,0.0,0.0,0.0,58,6.589216666666667,9.15898611111111,0.78,4.5,3
2025-02-15,-7.7,-3.6,-11.4,74,0.0,0.0,0.0,0.0,23,8.983675,9.246002777777777,2.94,13.7,3
2025-02-16,-11.8,-7.3,-15.5,67,0.0,0.0,0.0,0.0,15,9.0,9.332847222222222,0.68,4.3,2
2025-02-17,-8.8,-1.4,-13.6,67,0.0,0.0,0.0,0.0,33,8.38555,9.420297222222223,0.93,4.4,3
2025-02-18,-8.0,-3.0,-12.5,72,0.0,0.0,0.0,0.0,5,9.0,9.508452777777778,0.67,4.6,2
2025-02-19,-9.1,-5.0,-14.0,79,0.0,0.0,0.0,0.0,36,9.0,9.597238888888889,0.76,4.9,3
2025-02-20,-2.0,0.7,-6.0,81,0.0,0.0,0.0,0.0,97,3.3374027777777777,9.686575,3.5,11.7,3
2025-02-21,0.9,2.2,-1.1,94,6.2,1.5,3.29,13.0,100,2.1533444444444445,9.77638611111111,2.73,10.5,75
2025-02-22,3.0,3.8,2.2,99,4.9,4.9,0.0,19.0,100,0.0,9.866591666666668,3.88,9.9,53
2025-02-23,1.9,3.7,0.4,98,0.1,0.1,0.0,1.0,100,2.4307722222222226,9.957127777777778,2.1,9.1,51
2025-02-24,3.5,4.5,2.7,98,10.9,10.9,0.0,21.0,100,0.0,10.047919444444444,5.74,15.3,55
2025-02-25,3.0,5.3,1.9,97,2.3,2.3,0.0,6.0,99,0.8266388888888889,10.138905555555555,3.05,9.0,53
2025-02-26,1.6,4.9,-0.4,96,0.0,0.0,0.0,0.0,100,0.9814638888888889,10.230022222222223,2.54,8.4,3
2025-02-27,1.0,2.4,-2.0,94,0.0,0.0,0.0,0.0,79,3.2616388888888888,10.3212,1.7,5.7,3
2025-02-28,-1.7,1.1,-2.9,91,0.0,0.0,0.0,0.0,77,8.023627777777778,10.412380555555556,0.82,4.3,3
2025-03-01,-1.1,1.8,-3.8,91,0.0,0.0,0.0,0.0,91,5.520591666666667,10.503505555555556,1.2,6.0,3
2025-03-02,4.4,9.4,-2.2,70,0.0,0.0,0.0,0.0,98,6.710983333333334,10.594513888888889,4.14,12.0,3
2025-03-03,4.9,10.6,2.0,68,0.0,0.0,0.0,0.0,88,9.591030555555555,10.685347222222223,4.08,12.1,3
2025-03-04,5.2,9.4,1.7,75,0.1,0.1,0.0,1.0,100,7.4419611111111115,10.775952777777778,5.68,17.9,51
2025-03-05,7.5,11.1,4.6,79,0.4,0.4,0.0,2.0,100,8.957875,10.866269444444445,6.3,16.2,51
2025-03-06,9.8,13.7,4.8,67,0.0,0.0,0.0,0.0,69,9.816422222222222,10.956244444444446,5.25,14.8,3
2025-03-07,4.8,9.0,2.2,89,0.1,0.1,0.0,1.0,45,8.174463888888889,11.045825,3.11,11.1,51
2025-03-08,2.0,6.2,-0.8,93,0.0,0.0,0.0,0.0,100,3.9601472222222225,11.135036111111111,0.49,3.9,3
2025-03-09,2.8,6.6,0.7,95,0.0,0.0,0.0,0.0,75,5.462266666666666,11.22456388888889,1.42,6.2,3
2025-03-10,1.6,3.1,0.4,90,1.8,1.4,0.35,11.0,100,0.0,11.314525,3.22,11.1,71
2025-03-11,0.5,2.9,-1.0,74,1.8,0.0,1.26,10.0,100,1.8349138888888887,11.40486388888889,2.82,8.6,73
2025-03-12,-1.3,-0.2,-3.3,80,1.1,0.0,0.77,9.0,97,1.4631972222222223,11.495530555555556,3.17,8.9,71
2025-03-13,-2.0,2.4,-5.4,68,0.0,0.0,0.0,0.0,9,11.0,11.586469444444445,1.84,7.8,2
2025-03-14,-2.0,4.2,-7.4,75,0.0,0.0,0.0,0.0,49,11.0,11.677636111111111,1.11,6.8,3
2025-03-15,0.8,6.7,-3.9,67,0.0,0.0,0.0,0.0,66,11.0,11.768980555555556,2.2,9.0,3
2025-03-16,2.3,5.2,-0.9,59,0.3,0.3,0.0,1.0,38,9.955438888888889,11.86045,3.37,13.3,51
2025-03-17,1.0,6.4,-3.5,58,0.0,0.0,0.0,0.0,76,11.0,11.952,1.66,7.8,3
2025-03-18,3.6,11.4,-1.5,66,0.0,0.0,0.0,0.0,50,11.13628611111111,12.043580555555556,1.54,7.5,3
2025-03-19,3.1,10.4,-1.4,66,0.0,0.0,0.0,0.0,35,11.11068611111111,12.135141666666668,1.4,7.6,3
2025-03-20,2.3,10.1,-2.0,73,0.0,0.0,0.0,0.0,48,10.487213888888888,12.226638888888889,1.03,5.4,3
2025-03-21,2.7,9.3,-2.4,71,0.0,0.0,0.0,0.0,0,11.465019444444444,12.318019444444445,1.24,5.2,0
2025-03-22,2.4,8.1,-2.0,73,0.0,0.0,0.0,0.0,1,11.800261111111112,12.40923888888889,1.61,6.3,0
2025-03-23,3.3,9.8,-1.3,70,0.0,0.0,0.0,0.0,0,11.981697222222222,12.500247222222223,2.99,9.8,0
2025-03-24,1.6,5.8,-2.9,77,0.0,0.0,0.0,0.0,66,8.859036111111111,12.590994444444444,2.45,10.1,3
2025-03-25,6.4,13.5,3.1,81,0.6,0.6,0.0,2.0,63,9.070908333333334,12.681427777777778,1.94,9.3,51
2025-03-26,5.2,11.7,-0.6,72,0.0,0.0,0.0,0.0,72,11.94533888888889,12.7715,2.17,9.5,3
2025-03-27,6.8,12.0,2.3,74,0.0,0.0,0.0,0.0,95,7.640744444444445,12.861158333333332,3.27,10.4,3
2025-03-28,6.2,8.5,4.6,94,0.2,0.2,0.0,2.0,99,0.04496111111111112,12.950425,6.15,15.1,51
2025-03-29,6.5,11.2,2.8,71,0.0,0.0,0.0,0.0,47,11.813227777777778,13.03993611111111,4.35,11.4,3
2025-03-30,3.3,6.3,0.3,88,6.4,6.4,0.0,14.0,78,2.8329166666666667,13.1298,2.75,8.4,55
2025-03-31,5.2,10.6,0.3,59,0.0,0.0,0.0,0.0,39,12.33573888888889,13.219975000000002,1.89,6.8,3
2025-04-01,6.1,13.3,1.0,70,0.0,0.0,0.0,0.0,68,12.444350000000002,13.310413888888888,0.87,4.5,3
2025-04-02,6.1,13.9,0.8,76,0.0,0.0,0.0,0.0,64,12.939583333333333,13.401072222222222,1.06,5.0,3
2025-04-03,7.2,16.0,0.6,72,0.0,0.0,0.0,0.0,5,12.979769444444443,13.491908333333335,1.55,9.4,3
2025-04-04,6.2,10.6,1.4,46,0.0,0.0,0.0,0.0,42,12.610116666666666,13.582869444444444,2.62,9.6,3
2025-04-05,4.4,8.4,0.3,53,0.0,0.0,0.0,0.0,46,13.0,13.673916666666667,3.26,11.7,3
2025-04-06,6.1,14.3,-0.6,59,0.0,0.0,0.0,0.0,1,13.0,13.764997222222222,1.36,7.5,0
2025-04-07,6.8,11.8,0.8,55,0.0,0.0,0.0,0.0,38,13.014505555555555,13.856063888888889,2.43,9.5,3
2025-04-08,7.2,12.9,2.4,65,0.1,0.1,0.0,1.0,53,13.0,13.947066666666668,1.45,8.0,51
2025-04-09,6.3,12.4,1.3,60,0.0,0.0,0.0,0.0,62,12.833919444444444,14.03795,2.52,11.7,3
2025-04-10,6.0,13.8,-0.4,60,0.0,0.0,0.0,0.0,77,9.2447,14.128669444444444,2.56,10.4,3
2025-04-11,10.1,17.4,4.1,60,0.1,0.1,0.0,1.0,64,9.952238888888889,14.219163888888888,1.74,10.1,51
2025-04-12,11.9,16.6,7.8,51,0.0,0.0,0.0,0.0,30,13.0,14.309377777777778,2.17,7.3,3
2025-04-13,9.0,16.1,3.5,79,0.7,0.7,0.0,2.0,88,5.552636111111112,14.399252777777777,2.39,9.4,51
2025-04-14,9.5,14.8,5.5,68,0.0,0.0,0.0,0.0,27,12.71798888888889,14.488730555555556,3.78,11.5,3
2025-04-15,8.7,14.8,2.5,70,2.9,2.9,0.0,1.0,85,10.750966666666667,14.577747222222222,2.13,7.9,63
2025-04-16,9.8,12.7,7.5,88,5.4,5.4,0.0,11.0,98,1.4372805555555557,14.66623888888889,2.19,9.5,61
2025-04-17,11.4,14.5,8.8,96,1.3,1.3,0.0,9.0,99,0.09119722222222222,14.754213888888888,1.01,5.3,51
2025-04-18,10.7,16.0,5.7,70,1.7,1.7,0.0,4.0,83,13.431133333333333,14.842313888888889,1.13,6.0,55
2025-04-19,8.6,12.1,5.9,77,4.4,4.4,0.0,13.0,100,0.0,14.930649999999998,3.56,10.6,53
2025-04-20,6.9,8.3,4.7,84,4.8,4.8,0.0,15.0,98,0.0,15.019169444444445,3.52,10.8,55
2025-04-21,7.9,13.1,2.6,70,0.0,0.0,0.0,0.0,54,8.74146388888889,15.107819444444445,1.7,6.8,3
2025-04-22,6.2,7.4,4.2,93,2.6,2.6,0.0,14.0,92,0.0,15.19655,1.91,6.7,53
2025-04-23,8.1,13.8,2.7,71,0.0,0.0,0.0,0.0,87,13.004891666666667,15.285302777777776,1.9,8.2,3
2025-04-24,7.9,10.9,5.2,66,0.4,0.4,0.0,4.0,84,10.003811111111112,15.374019444444444,2.54,10.7,51
2025-04-25,5.5,9.5,0.7,52,0.0,0.0,0.0,0.0,27,14.866402777777779,15.462641666666666,2.46,10.2,3
2025-04-26,7.0,12.8,1.1,63,0.0,0.0,0.0,0.0,45,14.906994444444445,15.551108333333334,1.83,8.8,3
2025-04-27,8.9,15.0,3.4,68,0.1,0.1,0.0,1.0,80,13.0,15.639352777777777,3.96,15.2,51
2025-04-28,11.6,18.2,7.6,69,0.2,0.2,0.0,1.0,97,8.977969444444444,15.727308333333333,3.94,13.0,51
2025-04-29,11.9,16.9,6.0,53,0.1,0.1,0.0,1.0,76,11.659408333333333,15.8149,2.47,9.7,51
2025-04-30,11.3,15.5,5.8,54,0.0,0.0,0.0,0.0,49,15.143375,15.902052777777778,2.3,8.1,3
2025-05-01,11.3,17.3,6.0,73,0.0,0.0,0.0,0.0,97,12.875722222222223,15.988694444444445,3.18,12.7,3
2025-05-02,12.1,15.8,9.7,52,0.3,0.3,0.0,1.0,42,14.0,16.074738888888888,4.99,14.4,51
2025-05-03,8.9,13.7,5.5,63,2.6,2.6,0.0,3.0,58,11.461180555555556,16.160097222222223,2.14,14.4,61
2025-05-04,7.1,11.0,3.5,39,0.0,0.0,0.0,0.0,30,15.504761111111112,16.244691666666668,5.41,16.4,3
2025-05-05,7.9,15.2,1.0,54,0.0,0.0,0.0,0.0,37,15.376775,16.32841666666667,2.99,13.4,3
2025-05-06,10.1,15.0,6.3,39,0.0,0.0,0.0,0.0,38,15.768202777777777,16.411180555555557,3.49,12.0,3
2025-05-07,9.3,13.8,4.1,47,0.0,0.0,0.0,0.0,45,15.75371111111111,16.492963888888887,1.87,7.0,3
2025-05-08,11.2,16.3,6.3,53,0.0,0.0,0.0,0.0,97,7.792863888888889,16.574397222222224,1.85,8.1,3
2025-05-09,13.7,18.8,9.0,61,0.0,0.0,0.0,0.0,94,10.646458333333333,16.65557777777778,1.04,6.2,3
2025-05-10,14.1,17.7,10.8,65,0.0,0.0,0.0,0.0,57,15.40927222222222,16.736441666666668,2.07,10.0,3
2025-05-11,12.3,16.4,9.6,74,0.0,0.0,0.0,0.0,67,11.144472222222221,16.816913888888887,2.93,10.1,3
2025-05-12,14.0,20.8,8.2,69,0.0,0.0,0.0,0.0,48,13.28323888888889,16.896919444444446,1.74,8.2,3
2025-05-13,16.5,21.5,10.4,44,0.0,0.0,0.0,0.0,79,13.874869444444444,16.976377777777778,2.71,10.6,3
2025-05-14,10.8,14.3,6.5,37,0.0,0.0,0.0,0.0,51,15.261866666666666,17.055211111111113,5.39,14.9,3
2025-05-15,12.9,20.9,5.5,39,0.0,0.0,0.0,0.0,6,16.314977777777777,17.133330555555556,4.36,12.4,1
2025-05-16,13.8,20.4,8.5,46,0.0,0.0,0.0,0.0,33,15.992541666666668,17.210644444444444,5.14,15.7,3
2025-05-17,15.0,20.8,10.1,40,0.0,0.0,0.0,0.0,29,16.122616666666666,17.287058333333334,4.69,13.6,3
2025-05-18,15.7,20.8,10.2,35,0.0,0.0,0.0,0.0,26,16.35848888888889,17.362472222222223,3.92,13.5,3
2025-05-19,18.1,25.7,9.3,32,0.0,0.0,0.0,0.0,5,16.584377777777778,17.436780555555558,1.72,6.3,2
2025-05-20,18.1,22.8,11.7,32,0.0,0.0,0.0,0.0,32,15.0,17.509877777777778,2.9,14.1,3
2025-05-21,10.6,14.5,7.1,37,0.1,0.1,0.0,1.0,84,7.368416666666667,17.58165,5.4,15.4,51
2025-05-22,8.6,12.3,5.2,47,0.6,0.6,0.0,4.0,91,12.112219444444444,17.651980555555554,5.63,14.6,51
2025-05-23,8.0,11.8,4.7,66,3.0,3.0,0.0,12.0,92,8.773680555555556,17.720741666666665,4.4,14.4,53
2025-05-24,9.0,12.3,6.4,76,7.0,7.0,0.0,10.0,77,7.680102777777777,17.78781111111111,4.8,17.5,55
2025-05-25,9.1,11.0,7.0,90,6.8,6.8,0.0,16.0,92,0.0,17.85305,3.87,9.4,55
2025-05-26,12.2,15.2,10.0,75,1.9,1.9,0.0,5.0,44,15.692469444444445,17.916327777777777,5.37,17.0,53
2025-05-27,10.1,13.3,7.1,80,11.6,11.6,0.0,10.0,55,9.263191666666666,17.977574999999998,5.4,15.6,63
2025-05-28,11.4,15.3,6.7,65,0.0,0.0,0.0,0.0,11,17.048297222222224,18.037258333333334,3.24,10.9,1
2025-05-29,12.2,17.1,7.2,62,0.0,0.0,0.0,0.0,39,14.542572222222223,18.095430555555556,2.63,11.7,3
2025-05-30,14.1,19.9,9.5,63,2.3,2.3,0.0,9.0,70,13.0,18.152008333333335,3.57,12.2,53
2025-05-31,12.5,16.9,6.9,53,0.0,0.0,0.0,0.0,24,16.871247222222223,18.20690833333333,2.17,8.6,3
2025-06-01,11.9,14.6,8.5,83,6.1,6.1,0.0,6.0,76,6.395236111111111,18.260030555555556,3.84,10.7,61
2025-06-02,14.0,18.5,9.2,58,0.0,0.0,0.0,0.0,36,16.852766666666668,18.311294444444446,3.69,12.4,3
2025-06-03,12.4,15.4,8.2,64,0.9,0.9,0.0,3.0,55,13.78403611111111,18.360594444444445,3.94,17.4,53
2025-06-04,12.6,15.3,10.6,81,5.1,5.1,0.0,13.0,83,10.792058333333335,18.407847222222223,5.79,15.8,55
2025-06-05,11.5,14.4,8.2,75,2.4,2.4,0.0,11.0,48,12.994952777777778,18.452949999999998,5.26,16.8,53
2025-06-06,12.0,15.6,10.5,89,16.1,16.1,0.0,19.0,98,2.878938888888889,18.495808333333333,2.51,9.5,63
2025-06-07,12.6,15.8,9.8,73,10.2,10.2,0.0,9.0,85,11.883277777777778,18.536325,2.8,10.5,61
2025-06-08,11.6,14.6,9.3,80,3.4,3.4,0.0,11.0,77,10.535883333333333,18.574397222222224,1.6,8.5,61
2025-06-09,13.0,17.4,8.6,56,0.2,0.2,0.0,2.0,32,17.509333333333334,18.609938888888887,2.13,8.9,51
2025-06-10,11.3,14.0,8.5,75,2.2,2.2,0.0,9.0,98,5.577916666666667,18.642844444444446,1.69,8.4,51
2025-06-11,13.3,17.8,8.0,64,0.0,0.0,0.0,0.0,35,16.628619444444443,18.673025,2.18,9.4,3
2025-06-12,13.6,18.7,8.6,56,0.0,0.0,0.0,0.0,36,17.690480555555556,18.70038611111111,2.31,8.2,3
2025-06-13,15.5,21.1,8.9,57,0.0,0.0,0.0,0.0,31,17.87867222222222,18.72483888888889,2.74,11.4,3
2025-06-14,16.4,21.0,10.3,54,0.0,0.0,0.0,0.0,61,16.878302777777776,18.746291666666664,2.88,9.6,3
2025-06-15,15.9,19.0,12.4,74,0.7,0.7,0.0,2.0,98,5.5916,18.764666666666667,2.23,7.4,53
2025-06-16,18.2,23.0,13.6,64,0.0,0.0,0.0,0.0,56,15.976613888888888,18.779897222222225,3.36,11.4,3
2025-06-17,16.7,20.3,14.4,69,2.4,2.4,0.0,8.0,83,10.000366666666666,18.792072222222224,3.79,12.0,53
2025-06-18,16.1,19.8,12.0,53,0.9,0.9,0.0,3.0,44,17.306605555555556,18.80121111111111,3.41,12.5,51
2025-06-19,15.8,19.8,11.1,46,0.0,0.0,0.0,0.0,28,17.69012222222222,18.807325,3.14,9.7,3
2025-06-20,15.7,20.3,10.4,54,0.0,0.0,0.0,0.0,55,13.58508611111111,18.810413888888892,2.36,10.3,3
2025-06-21,18.4,23.3,13.5,49,0.0,0.0,0.0,0.0,27,16.61563333333333,18.810494444444444,2.56,8.7,3
2025-06-22,16.8,22.6,11.8,57,0.4,0.4,0.0,1.0,89,11.735425,18.807591666666667,2.86,9.8,51
2025-06-23,15.3,18.3,13.7,85,11.3,11.3,0.0,18.0,83,9.589683333333333,18.801725,3.8,11.1,61
2025-06-24,15.2,18.2,12.0,68,0.1,0.1,0.0,1.0,85,13.712144444444444,18.792925,2.25,7.7,51
2025-06-25,17.4,21.8,12.8,66,5.5,5.5,0.0,6.0,56,15.419347222222223,18.781227777777776,2.43,8.3,61
2025-06-26,15.9,19.2,12.7,74,0.6,0.6,0.0,1.0,62,12.716308333333332,18.766672222222223,3.86,13.6,53
2025-06-27,17.8,22.1,13.8,63,3.0,3.0,0.0,9.0,61,14.76476388888889,18.74929722222222,4.02,11.9,55
2025-06-28,17.3,23.4,13.5,69,2.0,2.0,0.0,7.0,66,8.0,18.729155555555558,4.19,15.3,53
2025-06-29,17.6,21.7,13.6,49,0.0,0.0,0.0,0.0,20,17.723325,18.7063,5.2,16.4,3
2025-06-30,17.8,23.3,11.8,50,0.0,0.0,0.0,0.0,41,17.348905555555554,18.68078611111111,2.43,10.0,3
2025-07-01,18.1,23.2,12.7,65,0.0,0.0,0.0,0.0,70,14.355233333333333,18.65266666666667,3.62,13.4,3
2025-07-02,18.0,23.1,14.8,80,5.6,5.6,0.0,15.0,100,7.008752777777778,18.622,1.55,6.9,55
2025-07-03,15.7,18.6,13.4,73,9.7,9.7,0.0,13.0,64,10.171366666666666,18.588858333333334,2.59,13.6,63
2025-07-04,14.5,18.9,9.9,70,1.6,1.6,0.0,6.0,40,15.203458333333332,18.553302777777777,2.46,12.2,51
2025-07-05,14.3,17.2,12.6,90,12.6,12.6,0.0,19.0,94,3.035077777777778,18.51539722222222,2.71,7.9,61
2025-07-06,16.7,20.2,14.3,82,1.5,1.5,0.0,6.0,73,14.904241666666666,18.475155555555556,2.44,10.2,53
2025-07-07,15.0,17.7,13.9,89,14.1,14.1,0.0,19.0,100,1.0,18.43223888888889,2.67,9.5,63
2025-07-08,17.4,21.7,12.6,66,0.1,0.1,0.0,1.0,67,13.171316666666666,18.386672222222224,1.56,7.3,51
2025-07-09,17.4,20.8,12.7,70,0.0,0.0,0.0,0.0,42,16.80413611111111,18.33858888888889,2.41,9.2,3
2025-07-10,17.6,23.6,12.8,71,0.0,0.0,0.0,0.0,28,15.324825,18.288116666666667,1.59,7.4,3
2025-07-11,20.6,27.6,12.8,57,0.0,0.0,0.0,0.0,1,17.072980555555556,18.23540277777778,1.79,7.8,0
2025-07-12,23.2,28.7,16.9,41,0.0,0.0,0.0,0.0,27,17.08518611111111,18.180558333333334,4.02,12.2,3
2025-07-13,22.1,25.5,19.2,52,1.5,1.5,0.0,2.0,84,8.310644444444444,18.123725,3.09,10.4,61
2025-07-14,19.3,22.1,17.9,89,22.1,22.1,0.0,20.0,91,5.3873,18.065019444444445,1.66,6.8,63
2025-07-15,20.4,24.2,16.8,79,4.3,4.3,0.0,10.0,95,13.077094444444445,18.004561111111112,1.45,5.9,63
2025-07-16,21.2,26.8,17.1,78,13.9,13.9,0.0,9.0,57,15.062616666666667,17.942469444444445,2.23,9.6,63
2025-07-17,23.8,29.3,17.9,53,0.0,0.0,0.0,0.0,7,17.0,17.878858333333334,2.19,8.3,3
2025-07-18,23.3,28.2,17.2,60,0.0,0.0,0.0,0.0,20,17.0,17.813833333333335,1.53,6.2,3
2025-07-19,23.9,28.4,17.8,58,0.0,0.0,0.0,0.0,8,17.0,17.74750277777778,1.24,6.6,1
2025-07-20,24.6,30.3,17.1,54,0.0,0.0,0.0,0.0,5,17.0,17.679969444444446,1.57,8.5,1
2025-07-21,22.8,26.2,17.9,62,1.4,1.4,0.0,8.0,67,14.836644444444444,17.611330555555554,2.83,8.8,51
2025-07-22,23.4,27.9,19.2,59,0.5,0.5,0.0,4.0,57,16.79011388888889,17.541677777777778,3.1,10.5,51
2025-07-23,22.7,27.5,18.6,65,0.8,0.8,0.0,4.0,29,15.457055555555556,17.471105555555557,2.76,10.7,51
2025-07-24,23.3,28.1,17.0,61,0.1,0.1,0.0,1.0,58,16.14851666666667,17.399694444444446,1.22,7.0,51
2025-07-25,22.7,27.4,17.6,66,0.2,0.2,0.0,1.0,35,15.209008333333333,17.327533333333335,2.43,10.6,51
2025-07-26,21.7,26.3,18.3,73,0.0,0.0,0.0,0.0,81,13.91323888888889,17.254619444444444,2.15,10.7,3
2025-07-27,19.5,23.0,17.3,78,6.5,6.5,0.0,12.0,100,5.733422222222222,17.180355555555554,1.68,6.6,61
2025-07-28,19.3,24.1,14.3,72,1.6,1.6,0.0,8.0,56,14.68063888888889,17.104705555555554,1.07,6.1,51
2025-07-29,17.0,20.5,15.0,84,26.2,26.2,0.0,12.0,88,3.5968833333333334,17.027783333333332,3.06,10.7,63
2025-07-30,17.7,20.6,15.5,80,4.0,4.0,0.0,16.0,77,9.271644444444444,16.949708333333334,1.89,10.0,53
2025-07-31,17.0,19.7,14.7,84,0.1,0.1,0.0,1.0,98,0.0,16.870586111111113,1.42,5.3,51
2025-08-01,18.8,22.0,16.2,73,0.5,0.5,0.0,4.0,99,8.436244444444444,16.790525,1.61,5.1,51
2025-08-02,17.4,19.3,16.4,92,24.9,24.9,0.0,22.0,99,0.0,16.709619444444442,2.08,7.6,63
2025-08-03,17.5,21.3,14.5,83,1.6,1.6,0.0,6.0,46,15.206047222222221,16.627969444444446,1.7,8.4,53
2025-08-04,17.0,20.1,14.7,86,6.3,6.3,0.0,19.0,88,8.097441666666667,16.54566388888889,3.31,14.6,61
2025-08-05,15.5,18.1,13.5,73,6.8,6.8,0.0,10.0,76,10.807766666666666,16.46278611111111,7.27,19.9,63
2025-08-06,16.6,20.5,13.2,55,0.0,0.0,0.0,0.0,66,14.224080555555556,16.37942222222222,4.28,11.6,3
2025-08-07,15.6,19.1,13.4,70,0.4,0.4,0.0,2.0,78,8.520047222222221,16.29565,3.81,14.0,51
2025-08-08,16.6,20.4,13.3,73,0.2,0.2,0.0,1.0,53,14.535686111111112,16.211544444444442,4.42,13.5,51
2025-08-09,15.4,18.8,12.5,74,1.6,1.6,0.0,5.0,40,12.922091666666667,16.127180555555555,4.62,16.0,53
2025-08-10,16.3,21.2,11.8,64,0.0,0.0,0.0,0.0,37,15.026880555555554,16.042624999999997,3.05,10.0,3
2025-08-11,15.9,19.9,12.1,69,0.1,0.1,0.0,1.0,60,10.460327777777778,15.957941666666665,2.38,11.6,51
2025-08-12,16.2,20.8,11.4,65,1.5,1.5,0.0,3.0,45,11.00349722222222,15.873197222222222,1.59,6.7,55
2025-08-13,17.7,22.9,12.9,79,0.0,0.0,0.0,0.0,50,14.490038888888888,15.788444444444444,2.18,8.0,3
2025-08-14,18.6,24.6,14.6,76,3.6,3.6,0.0,5.0,58,10.0,15.70375,2.18,9.1,61
2025-08-15,18.5,24.6,15.1,73,0.3,0.3,0.0,3.0,58,8.982527777777777,15.619083333333332,3.38,13.1,51
2025-08-16,16.1,22.1,11.4,55,0.0,0.0,0.0,0.0,22,14.974308333333333,15.533816666666667,2.18,10.3,3
2025-08-17,17.4,23.9,10.9,60,0.0,0.0,0.0,0.0,16,14.928472222222222,15.447869444444445,1.59,7.7,2
2025-08-18,18.3,24.8,12.3,69,0.0,0.0,0.0,0.0,7,14.882138888888887,15.361319444444444,1.88,8.0,2
2025-08-19,16.5,19.7,14.2,52,0.0,0.0,0.0,0.0,31,14.835358333333334,15.27423888888889,4.51,13.8,3
2025-08-20,13.7,18.1,8.3,53,0.0,0.0,0.0,0.0,57,9.0,15.186702777777777,2.13,11.0,3
2025-08-21,13.5,16.9,10.1,58,1.3,1.3,0.0,5.0,73,12.732516666666665,15.098775,3.02,9.8,51
2025-08-22,12.3,16.4,8.0,64,0.7,0.7,0.0,3.0,48,12.987883333333333,15.010519444444444,2.42,13.3,53
2025-08-23,13.2,18.8,8.1,56,0.0,0.0,0.0,0.0,31,11.349152777777777,14.922005555555556,2.8,8.9,3
2025-08-24,14.8,20.2,9.1,50,0.0,0.0,0.0,0.0,27,14.22653888888889,14.83328611111111,2.25,8.7,3
2025-08-25,14.1,20.5,7.9,53,0.0,0.0,0.0,0.0,23,14.075861111111111,14.744422222222221,1.85,7.4,3
2025-08-26,14.0,20.5,7.7,64,0.0,0.0,0.0,0.0,33,13.063986111111111,14.655469444444446,1.61,7.5,3
2025-08-27,13.3,15.6,10.2,91,4.6,4.6,0.0,13.0,96,0.0,14.566480555555556,1.27,5.4,55
2025-08-28,15.1,18.8,12.0,84,0.8,0.8,0.0,6.0,80,8.382477777777778,14.477505555555554,1.58,5.8,51
2025-08-29,14.7,17.6,12.8,90,7.4,7.4,0.0,12.0,99,2.5623805555555554,14.3886,2.37,8.8,61
2025-08-30,15.4,19.5,13.1,87,2.5,2.5,0.0,14.0,84,9.056813888888888,14.299808333333333,1.23,7.3,53
2025-08-31,15.5,18.2,12.9,84,1.7,1.7,0.0,6.0,87,5.102880555555555,14.211177777777777,1.79,7.6,55
2025-09-01,16.9,20.8,14.8,82,5.4,5.4,0.0,12.0,99,1.9228333333333332,14.122758333333334,2.75,9.9,55
2025-09-02,16.2,19.3,14.2,82,1.5,1.5,0.0,4.0,98,4.550705555555556,14.034591666666666,1.93,10.2,55
2025-09-03,15.6,18.8,12.4,79,3.4,3.4,0.0,10.0,73,10.214158333333334,13.946719444444446,3.21,12.2,55
2025-09-04,16.5,19.1,14.6,87,15.1,15.1,0.0,13.0,65,10.0,13.859116666666667,6.35,17.1,63
2025-09-05,15.2,17.3,14.2,93,4.1,4.1,0.0,13.0,98,0.0034333333333333334,13.771175000000001,1.93,8.2,53
2025-09-06,15.7,19.2,13.0,86,0.7,0.7,0.0,5.0,66,8.008916666666666,13.682805555555555,0.99,4.3,51
2025-09-07,14.6,19.1,10.8,87,0.0,0.0,0.0,0.0,62,11.52385,13.594061111111111,0.89,5.6,3
2025-09-08,14.3,19.0,10.6,87,1.0,1.0,0.0,6.0,63,11.978505555555556,13.504988888888889,1.42,5.4,53
2025-09-09,15.3,19.6,12.6,91,3.6,3.6,0.0,12.0,83,7.52005,13.415647222222223,1.62,6.2,55
2025-09-10,17.0,20.6,14.0,78,0.8,0.8,0.0,8.0,33,11.783444444444445,13.326083333333333,3.72,11.3,51
2025-09-11,15.2,16.1,13.7,93,21.0,21.0,0.0,14.0,85,0.0,13.23633888888889,4.12,13.0,63
2025-09-12,13.2,15.0,11.0,89,14.4,14.4,0.0,11.0,80,8.48723888888889,13.146466666666667,4.09,12.7,63
2025-09-13,12.1,15.0,10.3,90,15.2,15.2,0.0,18.0,86,7.127952777777778,13.056511111111112,3.53,11.4,63
2025-09-14,12.5,15.3,10.6,92,9.3,9.3,0.0,20.0,98,1.7743444444444445,12.966516666666667,2.74,9.2,61
2025-09-15,11.9,15.1,10.1,92,13.2,13.2,0.0,12.0,94,3.188675,12.876533333333333,2.99,10.4,63
2025-09-16,12.8,14.9,11.7,91,9.2,9.2,0.0,17.0,95,5.358166666666667,12.786594444444443,1.92,7.2,61
2025-09-17,13.4,18.2,9.7,79,0.0,0.0,0.0,0.0,26,12.050558333333333,12.696752777777776,1.29,6.5,3
2025-09-18,12.9,17.7,8.8,80,0.9,0.9,0.0,5.0,41,8.65033611111111,12.607047222222223,2.65,11.5,53
2025-09-19,14.4,18.4,11.6,80,0.1,0.1,0.0,1.0,68,6.9802,12.517519444444444,3.32,12.4,51
2025-09-20,14.6,16.3,13.3,92,3.4,3.4,0.0,8.0,100,0.0,12.428216666666668,2.61,12.2,61
2025-09-21,12.7,14.6,10.3,82,1.3,1.3,0.0,5.0,76,7.317197222222222,12.339177777777778,2.53,9.2,53
2025-09-22,10.0,12.7,8.2,59,0.0,0.0,0.0,0.0,18,11.864263888888889,12.250444444444444,2.81,9.1,3
2025-09-23,8.5,13.2,4.4,66,0.0,0.0,0.0,0.0,36,11.825677777777779,12.16206388888889,1.32,5.0,3
2025-09-24,9.0,13.9,4.6,74,0.0,0.0,0.0,0.0,32,11.498330555555555,12.073997222222221,0.67,4.1,3
2025-09-25,8.4,14.7,3.8,84,0.0,0.0,0.0,0.0,41,10.86553888888889,11.985641666666666,1.19,5.6,3
2025-09-26,8.4,13.6,5.1,90,0.0,0.0,0.0,0.0,45,8.122375,11.896894444444444,0.78,3.3,3
2025-09-27,8.9,15.5,4.7,87,0.0,0.0,0.0,0.0,74,10.620188888888888,11.807802777777777,1.74,5.7,3
2025-09-28,10.4,15.2,6.8,82,0.0,0.0,0.0,0.0,64,7.3194888888888885,11.718411111111111,1.95,6.3,3
2025-09-29,11.4,13.4,9.7,84,2.0,2.0,0.0,9.0,89,5.204000000000001,11.628775,2.07,6.7,53
2025-09-30,9.2,12.1,6.7,74,0.4,0.4,0.0,3.0,55,10.628625000000001,11.538933333333334,1.58,4.8,51
2025-10-01,7.6,10.0,4.8,90,1.2,1.2,0.0,8.0,69,0.7061944444444445,11.44893888888889,1.89,7.4,51
2025-10-02,9.3,12.2,6.7,81,3.2,3.2,0.0,8.0,73,8.206316666666668,11.358841666666667,3.33,12.5,61
2025-10-03,10.3,12.3,8.4,77,1.0,1.0,0.0,5.0,84,9.982308333333332,11.268683333333334,5.25,14.8,51
2025-10-04,7.8,9.8,6.4,87,45.7,45.7,0.0,18.0,100,0.0,11.178519444444444,8.11,22.4,65
2025-10-05,9.8,12.1,8.2,92,2.4,2.4,0.0,9.0,80,2.7539333333333333,11.088391666666666,3.55,9.3,53
2025-10-06,9.1,13.3,5.3,88,0.9,0.9,0.0,3.0,68,8.364658333333333,10.998352777777777,1.45,6.5,51
2025-10-07,11.2,13.0,9.6,97,5.8,5.8,0.0,10.0,98,0.01905277777777778,10.908452777777779,3.07,9.5,61
2025-10-08,9.9,14.0,7.4,82,0.0,0.0,0.0,0.0,60,9.322069444444443,10.818747222222221,1.66,8.9,3
2025-10-09,9.3,13.3,5.2,77,0.1,0.1,0.0,1.0,55,3.303888888888889,10.729283333333333,3.36,12.7,51
2025-10-10,10.7,14.3,7.1,70,0.0,0.0,0.0,0.0,90,7.2254499999999995,10.640113888888889,3.95,12.8,3
2025-10-11,13.4,16.2,11.1,63,0.0,0.0,0.0,0.0,89,7.670988888888889,10.551297222222221,3.13,12.4,3
2025-10-12,10.0,12.6,5.1,72,0.0,0.0,0.0,0.0,70,9.806008333333333,10.46288888888889,1.68,8.2,3
2025-10-13,6.9,10.4,4.3,85,1.1,1.1,0.0,3.0,87,8.142008333333333,10.37495,0.57,3.5,53
2025-10-14,9.2,14.5,6.4,88,0.1,0.1,0.0,1.0,32,9.988141666666666,10.287447222222221,0.65,3.9,51
2025-10-15,7.3,12.7,3.6,88,0.0,0.0,0.0,0.0,31,8.457947222222222,10.1997,0.53,3.6,3
2025-10-16,7.4,10.7,4.1,78,0.2,0.2,0.0,2.0,69,7.300247222222222,10.111591666666667,1.71,9.4,51
2025-10-17,3.4,7.9,1.3,78,0.4,0.1,0.21,1.0,25,8.9185,10.023183333333334,1.31,7.4,73
2025-10-18,1.8,5.8,-0.9,85,0.0,0.0,0.0,0.0,21,9.288180555555554,9.934533333333333,0.6,3.1,3
2025-10-19,0.7,4.9,-2.1,93,0.0,0.0,0.0,0.0,77,8.494375,9.845699999999999,0.93,3.9,3
2025-10-20,3.4,5.5,1.5,93,0.3,0.3,0.0,2.0,97,0.7045888888888889,9.756741666666667,1.89,5.8,51
2025-10-21,6.4,7.9,5.0,97,18.0,18.0,0.0,23.0,100,0.0,9.667727777777777,2.26,6.1,61
2025-10-22,9.6,11.5,8.4,96,8.0,8.0,0.0,20.0,95,0.8986861111111111,9.578716666666667,2.85,9.7,61
2025-10-23,9.2,11.3,7.8,92,1.3,1.3,0.0,2.0,88,4.1827499999999995,9.489780555555555,2.08,7.9,53
2025-10-24,9.4,10.1,8.6,95,21.5,21.5,0.0,20.0,100,0.0,9.400983333333334,4.62,11.4,63
2025-10-25,8.6,10.0,5.9,94,1.7,1.7,0.0,9.0,84,0.3008194444444445,9.312397222222222,3.13,8.4,51
2025-10-26,5.0,8.3,3.6,95,0.0,0.0,0.0,0.0,86,4.078813888888889,9.2241,1.56,4.9,3
2025-10-27,5.4,7.2,4.1,93,4.3,4.3,0.0,7.0,94,3.963852777777778,9.136161111111111,1.39,5.8,55
2025-10-28,2.9,4.2,1.4,96,3.9,3.5,0.28,6.0,95,2.1599472222222222,9.048663888888889,0.87,5.0,73
2025-10-29,3.5,5.5,1.2,93,0.6,0.6,0.0,3.0,89,4.3718055555555555,8.96168888888889,0.85,6.2,51
2025-10-30,4.5,6.0,2.9,86,0.5,0.5,0.0,4.0,80,0.0,8.875322222222222,3.85,9.8,51
2025-10-31,1.3,3.0,-0.4,84,0.0,0.0,0.0,0.0,59,1.8921861111111111,8.789652777777778,1.32,5.0,3
2025-11-01,5.2,7.8,2.2,94,15.0,15.0,0.0,9.0,100,0.0,8.704772222222223,4.09,14.0,63
2025-11-02,6.7,8.5,4.2,98,2.4,2.4,0.0,5.0,84,0.0,8.620777777777777,2.47,11.6,61
2025-11-03,6.0,8.3,3.7,95,4.6,4.6,0.0,8.0,73,7.563433333333333,8.537669444444445,2.42,8.3,61
2025-11-04,10.7,13.5,7.8,94,1.5,1.5,0.0,5.0,97,3.465275,8.454666666666666,5.17,13.9,53
2025-11-05,10.9,12.2,10.3,96,0.5,0.5,0.0,4.0,98,0.5834444444444444,8.371649999999999,4.28,11.2,51
2025-11-06,10.5,11.2,9.9,99,3.9,3.9,0.0,11.0,100,0.0,8.288702777777779,2.68,7.5,53
2025-11-07,9.2,10.1,8.0,98,0.3,0.3,0.0,3.0,100,0.0,8.205897222222221,1.23,4.6,51
2025-11-08,7.9,8.4,6.9,94,0.4,0.4,0.0,4.0,100,0.0,8.123325,0.85,3.2,51
2025-11-09,5.4,7.0,3.9,89,0.0,0.0,0.0,0.0,99,0.41653055555555557,8.041069444444444,0.69,3.3,3
2025-11-10,4.8,5.7,3.7,89,0.0,0.0,0.0,0.0,100,0.0,7.959222222222222,0.54,2.6,3
2025-11-11,6.4,7.4,5.4,95,1.2,1.2,0.0,4.0,100,0.048638888888888884,7.8778805555555556,2.31,7.8,53
2025-11-12,9.2,11.1,7.0,93,7.5,7.5,0.0,10.0,75,0.34963055555555556,7.797144444444445,5.93,15.3,61
2025-11-13,5.6,9.4,0.1,76,0.0,0.0,0.0,0.0,90,0.0,7.717116666666667,3.21,12.6,3
2025-11-14,-0.1,2.5,-2.0,81,0.0,0.0,0.0,0.0,0,7.196352777777777,7.637902777777778,1.02,4.0,0
2025-11-15,-0.9,1.1,-4.0,79,0.0,0.0,0.0,0.0,45,4.374847222222223,7.5596194444444444,1.48,5.4,3
2025-11-16,0.2,3.7,-2.3,84,0.0,0.0,0.0,0.0,25,6.247397222222222,7.482383333333334,1.34,6.2,3
2025-11-17,-0.3,2.7,-2.9,79,0.1,0.1,0.0,1.0,81,5.378888888888889,7.406316666666667,1.33,5.8,51
2025-11-18,-1.8,-0.5,-4.0,93,0.0,0.0,0.0,0.0,74,3.588327777777778,7.331547222222222,0.39,2.9,3
2025-11-19,-3.2,-1.3,-5.3,88,0.5,0.0,0.35,5.0,44,6.096716666666667,7.258205555555556,1.52,5.7,71
2025-11-20,-4.4,-2.1,-5.9,78,0.0,0.0,0.0,0.0,0,6.266080555555555,7.1864333333333335,2.31,6.5,0
2025-11-21,-4.7,-3.4,-6.6,83,0.0,0.0,0.0,0.0,56,4.688205555555556,7.1163694444444445,0.89,3.8,3
2025-11-22,0.7,3.8,-4.6,90,2.3,1.7,0.42,9.0,88,2.0630055555555553,7.0481638888888885,3.26,9.2,73
2025-11-23,3.2,4.3,2.1,98,8.3,8.2,0.07,17.0,99,0.0,6.981872222222223,2.53,9.1,71
2025-11-24,-0.0,1.7,-1.0,93,0.6,0.6,0.0,3.0,100,0.0,6.916783333333333,1.6,5.1,51
2025-11-25,-1.6,-0.9,-2.8,89,0.0,0.0,0.0,0.0,87,0.5716638888888889,6.8528,1.06,3.6,3
2025-11-26,-3.0,-1.6,-4.3,95,0.0,0.0,0.0,0.0,98,0.6852666666666667,6.790025,1.3,7.0,3
2025-11-27,2.9,4.8,-1.3,97,8.8,8.8,0.0,16.0,100,0.0,6.728549999999999,3.84,13.4,55
2025-11-28,7.0,8.0,5.2,86,0.4,0.4,0.0,1.0,38,6.0,6.6684833333333335,6.79,16.5,51
2025-11-29,4.2,6.5,0.5,86,0.6,0.6,0.0,2.0,37,6.0,6.609933333333333,4.77,18.4,51
2025-11-30,0.6,2.0,-1.7,91,15.8,10.3,3.85,18.0,99,0.0,6.5530083333333335,2.78,11.4,75
2025-12-01,1.5,4.4,-0.2,97,6.9,6.9,0.0,10.0,88,3.628775,6.497816666666666,2.0,11.5,61
2025-12-02,5.2,6.3,4.0,97,10.1,10.1,0.0,21.0,100,0.0,6.444480555555556,5.84,14.2,55
2025-12-03,3.8,6.5,2.4,99,2.7,2.7,0.0,10.0,99,0.0,6.393111111111112,1.45,8.7,53
2025-12-04,3.4,3.9,2.9,98,7.1,7.1,0.0,23.0,100,0.0,6.343838888888889,1.37,4.2,53
2025-12-05,2.5,3.2,2.0,97,5.3,5.3,0.0,13.0,100,0.0,6.296775,2.45,5.6,53
2025-12-06,2.5,3.0,2.2,97,5.3,5.3,0.0,19.0,100,0.0,6.2520500000000006,3.22,8.8,53
2025-12-07,3.1,3.6,2.7,97,1.3,1.3,0.0,9.0,100,0.0,6.209786111111111,2.07,5.6,51
2025-12-08,4.5,5.3,3.4,96,13.5,13.5,0.0,19.0,100,0.0,6.1701138888888885,3.27,9.7,61
2025-12-09,0.5,3.4,-0.3,99,0.6,0.6,0.0,2.0,100,0.0,6.133152777777777,0.65,3.5,53
2025-12-10,2.9,5.6,-0.1,97,5.2,5.2,0.0,8.0,69,4.0,6.099033333333334,3.22,10.8,61
2025-12-11,4.5,5.9,3.0,95,0.0,0.0,0.0,0.0,87,0.2050861111111111,6.067877777777778,2.34,9.9,3
2025-12-12,2.7,4.5,0.9,97,0.1,0.1,0.0,1.0,97,0.0,6.039813888888889,2.13,5.9,51
2025-12-13,3.6,5.1,0.4,99,4.9,4.9,0.0,11.0,100,0.9599916666666666,6.014913888888889,2.09,7.3,61
2025-12-14,5.6,7.2,0.4,97,1.1,1.1,0.0,6.0,87,3.322586111111111,5.992891666666667,4.46,11.7,51
2025-12-15,7.8,8.6,7.1,95,0.0,0.0,0.0,0.0,100,0.0,5.973694444444444,5.5,13.5,3
2025-12-16,7.5,8.0,7.0,94,1.3,1.3,0.0,8.0,100,0.0,5.957347222222222,5.31,12.7,51
2025-12-17,3.1,6.9,-0.1,99,6.8,6.8,0.0,8.0,93,5.002477777777777,5.943872222222222,2.28,10.3,61
2025-12-18,5.7,7.6,3.5,95,3.4,3.4,0.0,6.0,94,0.0,5.933283333333334,5.85,16.5,55
2025-12-19,6.9,8.2,6.1,90,11.2,11.2,0.0,9.0,66,4.0,5.925597222222223,6.27,16.7,63
2025-12-20,3.3,6.0,-0.8,95,0.0,0.0,0.0,0.0,46,5.166527777777778,5.920819444444445,2.49,12.1,3
2025-12-21,-1.5,0.6,-2.8,97,0.0,0.0,0.0,0.0,40,5.171022222222223,5.918958333333333,0.79,2.7,3
2025-12-22,-3.2,-2.1,-4.2,95,0.0,0.0,0.0,0.0,83,0.0,5.920008333333333,1.76,5.4,3
2025-12-23,-1.7,-0.6,-4.1,87,0.0,0.0,0.0,0.0,99,0.0,5.923969444444444,1.83,7.6,3
2025-12-24,-5.0,-2.4,-6.3,94,0.0,0.0,0.0,0.0,90,4.376991666666667,5.930827777777778,0.64,4.7,3
2025-12-25,-4.4,-2.0,-6.4,96,0.0,0.0,0.0,0.0,99,2.364236111111111,5.940577777777778,0.95,3.7,3
2025-12-26,-1.9,-0.3,-3.6,92,0.0,0.0,0.0,0.0,17,5.0,5.953197222222221,0.6,2.9,2
2025-12-27,-2.0,0.9,-4.3,81,0.0,0.0,0.0,0.0,36,5.178375000000001,5.968663888888888,1.25,5.6,3
2025-12-28,-3.7,-2.3,-5.2,87,0.0,0.0,0.0,0.0,66,1.6930333333333334,5.986955555555555,0.96,4.9,3
2025-12-29,-4.0,-1.7,-6.3,76,0.0,0.0,0.0,0.0,3,5.173277777777778,6.008041666666667,2.18,10.4,1
2025-12-30,-4.1,-1.3,-6.1,72,0.0,0.0,0.0,0.0,37,5.169311111111111,6.031891666666667,2.19,11.5,3
2025-12-31,-4.4,-1.6,-6.4,90,0.0,0.0,0.0,0.0,86,2.7406972222222223,6.058466666666667,1.23,7.4,3
